restaurant_id,name,website_url,description_50_words
rest_001,Thai Papaya,thaipapayava.com,"Thai Papaya offers fresh, flavorful Thai cuisine in a welcoming setting. Visit thaipapayava.com to explore the menu and enjoy authentic tastes made with care."
rest_002,Pablo's Mexican Restaurant,pablosmexican.com,Pablo's Mexican Restaurant offers flavorful Mexican dishes in a welcoming setting. Visit pablosmexican.com to explore the menu and enjoy a satisfying dining experience.
rest_003,Tacos Cinco de Mayo,evasxcincodemayo.com,"Tacos Cinco de Mayo offers fresh, flavorful tacos and a friendly dining experience. Visit evasxcincodemayo.com to explore their menu and enjoy a taste of authentic Mexican-inspired favorites."
rest_004,Nonna Bella's Pizzeria,nonnabellapizza.com,"Nonna Bella's Pizzeria serves delicious, freshly made pizzas in a welcoming atmosphere. Visit nonnabellapizza.com to explore their menu and enjoy a satisfying meal."
rest_005,Jolene's Thai Cuisine,jolenethaicuisine.com,Jolene's Thai Cuisine offers flavorful Thai dishes in a welcoming setting. Visit jolenethaicuisine.com to explore the menu and enjoy authentic tastes made with care.
rest_006,El Fresco Mexican Grill,elfresco.com,"El Fresco Mexican Grill offers fresh, flavorful Mexican dishes in a welcoming setting. Visit elfresco.com to explore the menu and enjoy a satisfying dining experience."
rest_008,Washington Burrito,washingtonburrito.com,"Washington Burrito serves fresh, flavorful burritos and classic Mexican-inspired dishes. Visit washingtonburrito.com to explore the menu and enjoy a satisfying meal made with care."
rest_009,Oh Mmm Gyros,ohmmmgyroskaty.com,"Oh Mmm Gyros serves fresh, flavorful gyros and Mediterranean-inspired dishes in a casual, welcoming setting. Visit ohmmmgyroskaty.com to explore the menu and enjoy a satisfying meal."
rest_012,The Northern Pines Restaurant,thenorthernpines.com,The Northern Pines Restaurant offers a welcoming dining experience with hearty meals and friendly service. Visit thenorthernpines.com to explore their menu and plan your next visit.
rest_013,Royal Spice,royalspicema.com,Royal Spice offers flavorful dishes in a welcoming setting. Visit royalspicema.com to explore the menu and enjoy a satisfying dining experience.
rest_014,Seahouse Fish & Chicken - Fried Chicken Takeaway,seahousejackson.com,"Seahouse Fish & Chicken - Fried Chicken Takeaway serves freshly prepared fish and crispy fried chicken for quick, satisfying meals. Order online or visit seahousejackson.com for easy takeaway options."
rest_016,No. 9 Grill,no9grill.com,No. 9 Grill offers a welcoming dining experience with a focus on quality food and friendly service. Visit no9grill.com to explore the menu and plan your next meal.
rest_017,La Catrachada Mexican & Latino Grill,lacatrachadalatinogrill.com,La Catrachada Mexican & Latino Grill offers flavorful Mexican and Latin-inspired dishes in a welcoming setting. Visit lacatrachadalatinogrill.com to explore their menu and enjoy a taste of Latin tradition.
rest_018,Nantuckets,nantucketsportjefferson.com,"Nantuckets offers a welcoming dining experience in Port Jefferson. Visit nantucketsportjefferson.com to explore menus, hours, and reservations for a relaxed meal in a comfortable setting."
rest_019,Pannie-George's Kitchen,panniegeorgeskitchen.com,"Pannie-George's Kitchen serves comforting, home-style Southern meals in a welcoming setting. Visit panniegeorgeskitchen.com to explore their menu and enjoy hearty, flavorful dishes made with care."
rest_020,Rocco's Pizza,roccospizza.com,"Rocco's Pizza serves fresh, flavorful pizzas made with quality ingredients. Visit roccospizza.com to explore the menu and enjoy a satisfying meal in a friendly atmosphere."
rest_021,New York Pizza,newyorkpizzainva.com,"New York Pizza serves fresh, flavorful pizzas and classic favorites. Visit newyorkpizzainva.com to explore the menu and enjoy a satisfying meal."
rest_022,Old Soul @ 40 Acres,oldsoulco.com,"Old Soul @ 40 Acres offers a welcoming spot for coffee, baked goods, and casual bites. Visit oldsoulco.com to learn more or plan your next visit."
rest_023,Pat's Pizza & Bistro Philadelphia Pike,patsbistro.com,"Pat's Pizza & Bistro Philadelphia Pike offers a welcoming spot for pizza, pasta, and casual dining. Visit patsbistro.com to explore the menu and enjoy a relaxed meal with family or friends."
rest_024,Carolina's Mexican Food,carolinasmexicanfood.com,"Carolina's Mexican Food offers authentic, flavorful Mexican dishes in a welcoming setting. Visit carolinasmexicanfood.com to explore their menu and enjoy a satisfying meal."
rest_025,DragonEats,dragoneats.com,DragonEats offers flavorful dishes in a welcoming setting. Visit dragoneats.com to explore the menu and enjoy a satisfying dining experience.
rest_026,El Cerro Tacos,elcerrotacos.com,"El Cerro Tacos serves fresh, flavorful tacos and classic Mexican favorites in a welcoming setting. Visit elcerrotacos.com to explore the menu and enjoy authentic taste made simple."
rest_027,Emoji Burger,emojiburgerny.com,"Emoji Burger serves fresh, flavorful burgers in a casual, welcoming setting. Visit emojiburgerny.com to explore their menu and enjoy a satisfying meal."
rest_028,Gansett Wraps,gansettwraps.com,"Gansett Wraps offers fresh, flavorful wraps and quick bites. Visit gansettwraps.com to explore their menu and enjoy a satisfying meal made for any time of day."
rest_029,El Bruno's,elbrunonm.com,El Bruno's offers a welcoming dining experience with flavorful dishes and friendly service. Visit elbrunonm.com to learn more or plan your next meal.
rest_030,Toscanas Pizzeria & Restaurant,toscanaspizzabridgewater.com,Toscanas Pizzeria & Restaurant offers delicious pizza and Italian favorites in a welcoming setting. Visit toscanaspizzabridgewater.com to explore the menu or place your order today.
rest_031,Che Figata Italian Bistro,chefigatabistro.org,"Che Figata Italian Bistro offers a warm, inviting atmosphere with classic Italian flavors and friendly service. Visit chefigatabistro.org to explore their menu and experience authentic Italian dining."
rest_032,Roman Pizzeria & Restaurant,romanpizzablairstown.com,Roman Pizzeria & Restaurant offers delicious pizza and classic Italian favorites in a welcoming setting. Visit romanpizzablairstown.com to explore the menu or place your order.
rest_033,No 1 Restaurant,no1williamsburg.com,"No 1 Restaurant offers a welcoming dining experience with quality food and friendly service. Visit no1williamsburg.com to explore menus, hours, and more."
rest_034,Lal Qilla,lalqilasns.com,Lal Qilla offers a welcoming dining experience with flavorful dishes and warm hospitality. Visit lalqilasns.com to explore their menu and enjoy a satisfying meal.
rest_035,Dos Chiles Grandes,doschiles.net,Dos Chiles Grandes offers flavorful dishes in a welcoming setting. Visit doschiles.net to explore their menu and enjoy a satisfying dining experience.
rest_036,Giovanni's Brooklyn Eats,giovannisbrooklyneats.com,Giovanni's Brooklyn Eats offers a welcoming neighborhood dining experience with classic flavors and friendly service. Visit giovannisbrooklyneats.com to learn more or plan your next meal.
rest_037,Main Street Pizza,ordermainstreetpizza.com,"Main Street Pizza serves fresh, flavorful pizzas made to order. Visit ordermainstreetpizza.com to explore the menu and place your order for pickup or delivery."
rest_038,Sabai Sabai,sabaisabaithai.com,Sabai Sabai offers authentic Thai flavors in a welcoming setting. Visit sabaisabaithai.com to explore their menu and enjoy a taste of Thailand.
rest_039,The Juice Somm,juicesomm.com,The Juice Somm offers a refreshing selection of expertly crafted juices and blends. Visit juicesomm.com to explore flavors made for every taste and occasion.
rest_040,La Casa Lopez,lacasalopezrestaurant.com,La Casa Lopez offers a welcoming dining experience with flavorful dishes and friendly service. Visit lacasalopezrestaurant.com to explore their menu and plan your next meal.
rest_041,Root 2 Rise NY,root2riseny.com,"Root 2 Rise NY offers fresh, wholesome dining with a focus on nourishing flavors and simple ingredients. Visit root2riseny.com to explore their menu and experience a balanced approach to good food."
rest_042,Sapporo Ramen,sappororamen-ma.com,Sapporo Ramen offers comforting bowls of authentic ramen and Japanese-inspired dishes. Visit sappororamen-ma.com to explore the menu and enjoy a satisfying meal in a relaxed setting.
rest_043,The High Hat,thehighhatmn.com,"The High Hat offers a welcoming dining experience with quality food and friendly service. Visit thehighhatmn.com to explore menus, hours, and more."
rest_044,Joe's Pizza & Subs,joespizzasubsmenu.com,"Joe's Pizza & Subs serves fresh, satisfying pizzas and hearty subs in a friendly setting. Visit joespizzasubsmenu.com to explore the menu and enjoy classic flavors made for every craving."
rest_045,The Pancake House & Grill,thepancakehousegrill.com,"The Pancake House & Grill serves delicious pancakes and classic grill favorites in a warm, welcoming setting. Visit thepancakehousegrill.com to learn more or plan your next meal."
rest_046,Ruah Cafe - The Woodlands The Woodlands,ruahcafe.com,"Ruah Cafe - The Woodlands The Woodlands offers a welcoming spot for coffee, light bites, and casual gatherings. Visit ruahcafe.com for details."
rest_047,Mr. Burger,mrburgerfranchise.com,"Mr. Burger serves classic, satisfying burgers in a friendly setting. Visit mrburgerfranchise.com to learn more or find a location near you."
rest_048,Shoreline Diner & Vegetarian Enclave,shorelinediner.com,"Shoreline Diner & Vegetarian Enclave offers a welcoming spot for fresh, flavorful meals with plenty of vegetarian options. Visit shorelinediner.com to explore the menu and enjoy a relaxed dining experience."
rest_049,Huntington Ramen and Sushi,huntingtonramenfullerton.com,Huntington Ramen and Sushi offers fresh ramen and sushi in a welcoming setting. Visit huntingtonramenfullerton.com to explore the menu and enjoy a satisfying dining experience.
rest_050,Monte Carlo Pizzeria,montecarlopizzamenu.com,Monte Carlo Pizzeria serves freshly made pizzas and classic favorites in a welcoming setting. Visit montecarlopizzamenu.com to explore the menu and enjoy a satisfying meal.
rest_052,Grillers Puerto Rico,grillerspuertorico.com,Grillers Puerto Rico serves flavorful grilled dishes in a welcoming setting. Visit grillerspuertorico.com to explore their menu and enjoy a satisfying dining experience.
rest_053,Giorgio's Pizza & Subs,giorgiospizzaandsubs.com,"Giorgio's Pizza & Subs offers fresh, satisfying pizzas and hearty subs made to please every appetite. Visit giorgiospizzaandsubs.com for menu details and easy ordering."
rest_054,Breakfast Station,breakfaststationcentral.com,"Breakfast Station serves classic morning favorites in a friendly, casual setting. Visit breakfaststationcentral.com to explore their menu and start your day right."
rest_055,Ella Ray's Cafe,ellarayscafe.com,Ella Ray's Cafe offers a welcoming spot to enjoy fresh flavors and friendly service. Visit ellarayscafe.com to explore their menu and experience a cozy dining atmosphere.
rest_056,Pedalers Fork,pedalersfork.com,Pedalers Fork offers a welcoming spot to enjoy good food and drinks in a relaxed setting. Visit pedalersfork.com to explore their menu and atmosphere.
rest_057,No Manches Mexican Grill 2 Vernon Hills,nomanchesmexicangrill.com,"No Manches Mexican Grill 2 Vernon Hills serves flavorful Mexican favorites in a casual, welcoming setting. Visit nomanchesmexicangrill.com to explore their menu and enjoy a satisfying meal."
rest_058,Hillcrest Restaurant,hillcrestrestaurant.shop,Hillcrest Restaurant offers a welcoming dining experience with delicious meals and friendly service. Visit hillcrestrestaurant.shop to explore the menu and plan your next meal.
rest_059,Gyro King & Wings,gyrokingandwingstoledooh.com,"Gyro King & Wings serves flavorful gyros, wings, and more in a casual setting. Visit gyrokingandwingstoledooh.com to explore the menu and enjoy satisfying meals made for every craving."
rest_060,Ki' Mexico,kimexico.com,"Ki' Mexico offers fresh, flavorful Mexican cuisine in a welcoming setting. Visit kimexico.com to explore their menu and enjoy a taste of authentic Mexican flavors."
rest_061,Brooklyn Crab,brooklyncrab.com,"Brooklyn Crab offers a relaxed, seafood-focused dining experience with fresh flavors and coastal charm. Visit brooklyncrab.com to learn more or plan your next meal."
rest_062,The Fork At Skagit Bay,theforkatskagitbay.com,"The Fork At Skagit Bay offers a welcoming dining experience with fresh flavors and scenic surroundings. Visit theforkatskagitbay.com to explore menus, hours, and reservations."
rest_063,Aroma of India,aromasofindia.us,"Aroma of India offers authentic Indian flavors in a warm, inviting setting. Visit aromasofindia.us to explore their menu and enjoy a satisfying dining experience."
rest_064,Grape Leaves Restaurant,grapeleaves.us,"Grape Leaves Restaurant offers fresh, flavorful dishes in a welcoming setting. Visit grapeleaves.us to explore the menu and enjoy a satisfying dining experience."
rest_065,Huntington Ramen and Sushi,huntingtonramenfullerton.com,"Huntington Ramen and Sushi offers a welcoming spot for ramen and sushi lovers. Visit huntingtonramenfullerton.com to explore their menu and enjoy fresh, flavorful dishes in a relaxed setting."
rest_066,Thai Papaya,thaipapayava.com,"Thai Papaya offers fresh, flavorful Thai cuisine in a welcoming setting. Visit thaipapayava.com to explore the menu and enjoy authentic tastes made with care."
rest_067,Bollywood Grill,bollywoodingrill.com,Bollywood Grill offers flavorful Indian cuisine in a welcoming setting. Visit bollywoodingrill.com to explore the menu and enjoy a satisfying dining experience.
rest_069,Krispy Krunchy Chicken,krispykrunchy.com,"Krispy Krunchy Chicken serves hot, flavorful fried chicken and comfort food favorites. Visit krispykrunchy.com to explore their menu and find a location near you."
rest_070,Fusion Kitchen,fusionkitchenindianrestaurant.com,Fusion Kitchen offers a welcoming dining experience with a blend of flavors and fresh ingredients. Visit fusionkitchenindianrestaurant.com to explore their menu and enjoy delicious meals crafted with care.
rest_071,Dos Amigos Mexican Restaurant,dosamigosin.com,"Dos Amigos Mexican Restaurant offers classic Mexican flavors in a friendly, welcoming setting. Visit dosamigosin.com to explore the menu and enjoy a satisfying dining experience."
rest_074,The Cace Kitchen,thecacekitchen.com,"The Cace Kitchen offers a welcoming dining experience with delicious, freshly prepared dishes. Visit thecacekitchen.com to explore their menu and enjoy quality food in a comfortable setting."
rest_075,B-Side Grill,bsidegrill.com,B-Side Grill offers a relaxed dining experience with a focus on great flavors and friendly service. Visit bsidegrill.com to explore the menu and plan your next meal.
rest_077,Village Pizza 11102 Main St,villageza.com,"Village Pizza 11102 Main St offers fresh, satisfying pizzas and friendly service. Visit villageza.com to explore their menu and enjoy a casual dining experience perfect for pizza lovers."
rest_078,King Wing,kingwingonline.com,"King Wing offers tasty wings and casual comfort food. Visit kingwingonline.com to explore the menu, order online, or find your nearest location."
rest_080,Jacob's 24 Hour Burgers,jacobsburger.com,"Jacob's 24 Hour Burgers serves fresh, satisfying burgers any time of day or night. Visit jacobsburger.com to explore the menu and enjoy a quick, tasty meal whenever hunger strikes."
rest_081,The Pharmacy Burger Parlor & Beer Garden,thepharmacyburger.com,The Pharmacy Burger Parlor & Beer Garden serves handcrafted burgers and refreshing drinks in a welcoming setting. Visit thepharmacyburger.com to explore their menu and enjoy a relaxed dining experience.
rest_082,Curry House,curryhousenc.com,Curry House offers flavorful dishes and a welcoming atmosphere. Visit curryhousenc.com to explore the menu and enjoy a satisfying dining experience.
rest_083,Kenny's Burger Joint,kennysburgerjoint.com,"Kenny's Burger Joint serves up delicious, satisfying burgers in a friendly setting. Visit kennysburgerjoint.com to explore the menu and enjoy a great burger experience."
rest_084,C&C Asian Garden,ccasiangarden.com,"C&C Asian Garden offers a welcoming dining experience with a variety of flavorful Asian dishes. Visit ccasiangarden.com to explore the menu and enjoy fresh, satisfying meals."
rest_085,Bhimas Food Truck (Foodtruck Ops closed for Winter. Open for only Catering),gobhimas.com,Bhimas Food Truck offers flavorful catering services while its food truck operations pause for winter. Visit gobhimas.com to book catering and enjoy Bhimas’ delicious food at your next event.
rest_086,Pho Bay Georgetown,thephobay.com,Pho Bay Georgetown offers comforting Vietnamese pho and classic flavors in a welcoming setting. Visit thephobay.com for details.
rest_087,Sugarboy Bakery,sugarboybakery.com,Sugarboy Bakery offers freshly baked treats and sweet delights. Visit sugarboybakery.com to explore their menu and satisfy your cravings.
rest_088,2721 W International Speedway Blvd,nan,"2721 W International Speedway Blvd offers a welcoming spot for casual dining with convenient access and a friendly atmosphere, ideal for a quick meal or relaxed visit."
rest_089,Ginger Exchange,gingerexchange.com,"Ginger Exchange offers a casual dining experience with a mix of Asian-inspired flavors. Visit gingerexchange.com to explore the menu and enjoy fresh, flavorful dishes in a relaxed setting."
rest_090,Java Burrito Company,javaburrito.com,"Java Burrito Company blends fresh flavors and friendly vibes, offering a casual spot to enjoy satisfying burritos and more. Visit javaburrito.com to learn more."
rest_091,Fun Noodle Bar,funnoodlewichitafalls.com,Fun Noodle Bar offers a casual dining experience with flavorful noodle dishes and friendly service. Visit funnoodlewichitafalls.com for details.
rest_092,Baan Thai Restaurant,baanthaikansas.com,Baan Thai Restaurant offers authentic Thai flavors in a welcoming setting. Visit baanthaikansas.com to explore the menu and enjoy a satisfying dining experience.
rest_093,Pal's Indian Cuisine,palsindiancuisine.org,Pal's Indian Cuisine offers flavorful Indian dishes in a welcoming setting. Visit palsindiancuisine.org to explore the menu and enjoy a satisfying dining experience.
rest_094,Out & Out,outandoutcustard.com,"Out & Out offers a simple, satisfying dining experience focused on quality and comfort. Visit outandoutcustard.com to learn more or plan your next visit."
rest_095,Ventura's Offshore Cafe,venturascafe.com,"Ventura's Offshore Cafe offers a relaxed dining experience with friendly service and inviting flavors. Visit venturascafe.com to explore menus, hours, and more."
rest_096,Evergreen Indian Restaurant,evergreenindianrestaurant.com,Evergreen Indian Restaurant offers authentic Indian flavors in a welcoming setting. Visit evergreenindianrestaurant.com to explore the menu and enjoy a satisfying dining experience.
rest_097,Eddie's - Chisolm Creek,eddiesdining.com,"Eddie's - Chisolm Creek offers a welcoming dining experience with quality food and friendly service. Visit eddiesdining.com to explore menus, hours, and more."
rest_098,Pizza Bono,pizza-bono.com,"Pizza Bono offers delicious, freshly made pizzas in a friendly setting. Visit pizza-bono.com to explore the menu and enjoy a satisfying meal."
rest_099,Chan's Restaurant,chanscape.com,Chan's Restaurant offers a welcoming dining experience with a focus on quality food and friendly service. Visit chanscape.com to learn more or plan your next meal.
rest_100,La Cocina Mexican Restaurant,mylacocina.com,"La Cocina Mexican Restaurant offers authentic Mexican flavors in a warm, inviting setting. Visit mylacocina.com to explore the menu and enjoy a satisfying dining experience."
rest_101,Basque Tapas Bar,basquetapasbar.com,Basque Tapas Bar offers a welcoming spot to enjoy flavorful small plates and good company. Visit basquetapasbar.com to explore their menu and experience a relaxed dining atmosphere.
rest_102,Square Lotus,squarelotus.com,Square Lotus offers a welcoming dining experience with flavorful dishes and friendly service. Visit squarelotus.com to explore the menu and plan your next meal.
rest_103,Treva,trevact.com,"Treva offers a welcoming dining experience with a focus on quality and comfort. Visit trevact.com to explore menus, hours, and reservations."
rest_104,Taroko,tarokoredding.com,Taroko offers a welcoming dining experience with flavorful dishes and friendly service. Visit tarokoredding.com to explore the menu and plan your next meal.
rest_105,Vince's Restaurant & Pizzeria,vincesrestaurantmonroe.com,Vince's Restaurant & Pizzeria offers a welcoming spot for delicious pizza and classic dishes. Visit vincesrestaurantmonroe.com to explore their menu and enjoy a satisfying meal in a friendly setting.
rest_106,Chef's Cut Pizzeria,chefscutpizza.com,"Chef's Cut Pizzeria serves fresh, flavorful pizzas crafted with care. Visit chefscutpizza.com to explore the menu and enjoy a satisfying slice made for pizza lovers."
rest_107,Mi Mexico Lindo,mimexicolindotaco.com,Mi Mexico Lindo offers authentic Mexican flavors in a welcoming setting. Visit mimexicolindotaco.com to explore their menu and enjoy a taste of Mexico.
rest_108,Cheese N Stuff,cheesenstuffdeli.com,"Cheese N Stuff offers fresh, satisfying deli favorites in a friendly setting. Visit cheesenstuffdeli.com to explore their menu and enjoy a quick, tasty meal."
rest_109,Square Lotus,squarelotus.com,Square Lotus offers a welcoming dining experience with flavorful dishes and friendly service. Visit squarelotus.com to explore the menu and plan your next meal.
rest_111,Cebu Bar & Bistro,cebubrooklyn.com,"Cebu Bar & Bistro offers a welcoming dining experience with a focus on good food, drinks, and community. Visit cebubrooklyn.com to explore menus, hours, and events."
rest_112,East Coast Pizza,eastcoastpizza.com,"East Coast Pizza serves fresh, flavorful pizzas made with quality ingredients. Visit eastcoastpizza.com to explore the menu and enjoy a satisfying slice today."
rest_113,Pappardella,pappardella.com,Pappardella offers a welcoming dining experience with a focus on quality food and friendly service. Visit pappardella.com to explore its menu and atmosphere.
rest_114,Mario's Pizza Cafe,mariosallentown.com,"Mario's Pizza Cafe serves fresh, flavorful pizzas and casual Italian favorites in a friendly setting. Visit mariosallentown.com to explore the menu and enjoy a satisfying meal."
rest_115,Poor Boy Restaurant,poorboy-restaurant.com,Poor Boy Restaurant offers a welcoming spot to enjoy satisfying meals in a relaxed setting. Visit poorboy-restaurant.com to explore their menu and learn more.
rest_116,Eastern Chinese Restaurant,easternchinesecuisine.com,Eastern Chinese Restaurant offers authentic Chinese cuisine in a welcoming setting. Visit easternchinesecuisine.com to explore the menu and enjoy flavorful dishes crafted with care.
rest_117,Soba Sushi and Noodles,sobaweaverville.com,Soba Sushi and Noodles offers fresh sushi and flavorful noodle dishes in a welcoming setting. Visit sobaweaverville.com to explore the menu and enjoy a satisfying meal.
rest_118,LA Lasagna Co,lalasagnacompany.com,"LA Lasagna Co offers comforting, freshly made lasagna and Italian-inspired dishes. Visit lalasagnacompany.com to explore their menu and enjoy a satisfying meal."
rest_119,La Cocina,lacocinarestaurant.com,La Cocina offers a welcoming dining experience with flavorful dishes and friendly service. Visit lacocinarestaurant.com to explore the menu and plan your next meal.
rest_120,Mt. Everest India's Cuisine,mteverestcuisine.com,Mt. Everest India's Cuisine offers flavorful Indian dishes in a welcoming setting. Visit mteverestcuisine.com to explore authentic tastes and enjoy a satisfying dining experience.
rest_121,Little Tibet,littletibetmadison.com,Little Tibet offers a welcoming dining experience with flavors inspired by Tibetan cuisine. Visit littletibetmadison.com to explore the menu and plan your visit.
rest_122,De Islands,deislands.com,De Islands offers a welcoming dining experience with flavorful dishes inspired by island cuisine. Visit deislands.com to explore the menu and plan your next meal.
rest_123,Ichi 18 Teriyaki,ichi18teriyaki.com,"Ichi 18 Teriyaki offers fresh, flavorful teriyaki dishes in a casual setting. Visit ichi18teriyaki.com to explore the menu and enjoy a satisfying meal."
rest_124,Kin Len Thai Night Bites,kin-len.com,Kin Len Thai Night Bites offers flavorful Thai-inspired dishes in a lively setting. Visit kin-len.com to explore their menu and experience a taste of Thailand.
rest_125,Ayawaska Petaluma,ayawaskasf.com,Ayawaska Petaluma offers a welcoming dining experience with flavorful dishes and friendly service. Visit ayawaskasf.com to learn more or plan your next meal.
rest_126,Pizza Delicious,pizzadelicious.com,"Pizza Delicious serves fresh, flavorful pizzas made with quality ingredients. Visit pizzadelicious.com to explore the menu and enjoy a satisfying meal that’s simple, tasty, and made to please."
rest_127,Aticha Thai Cuisine,atichathai.com,Aticha Thai Cuisine offers authentic Thai flavors in a welcoming setting. Visit atichathai.com to explore the menu and enjoy a satisfying dining experience.
rest_128,India's House,indiashousecomo.com,India's House offers flavorful Indian cuisine in a welcoming setting. Visit indiashousecomo.com to explore the menu and enjoy a satisfying dining experience.
rest_129,Chef's Cut Pizzeria,chefscutpizza.com,"Chef's Cut Pizzeria serves fresh, flavorful pizzas crafted with care. Visit chefscutpizza.com to explore their menu and enjoy a satisfying slice made for pizza lovers."
rest_130,Shorty's Diner,shortysdinerva.com,"Shorty's Diner serves classic comfort food in a friendly, welcoming setting. Visit shortysdinerva.com to explore their menu and enjoy a satisfying meal any time."
rest_131,Terror Tacos,terrortacos.com,"Terror Tacos serves bold, flavorful tacos in a fun and energetic setting. Visit terrortacos.com to explore their menu and experience a fresh take on taco dining."
rest_132,Ray's Pizza,rayspizzainc.com,"Ray's Pizza serves fresh, flavorful pizzas made with quality ingredients. Visit rayspizzainc.com to explore the menu and enjoy a satisfying meal in a friendly, casual setting."
rest_133,River Street Grill,riverstreetgrill.com,River Street Grill offers a welcoming dining experience with delicious food and friendly service. Visit riverstreetgrill.com to explore the menu and plan your next meal.
rest_134,Singha Thai Cuisine,singhathaimoab.com,Singha Thai Cuisine offers authentic Thai flavors in a welcoming setting. Visit singhathaimoab.com to explore the menu and enjoy a satisfying dining experience.
rest_135,Spud Ranch,spudranch.com,"Spud Ranch serves hearty, potato-inspired comfort food in a casual setting. Visit spudranch.com to explore the menu and enjoy a satisfying meal made for every appetite."
rest_137,Costa Pacifica,costapacificausa.com,Costa Pacifica offers a welcoming dining experience with fresh flavors and a relaxed atmosphere. Visit costapacificausa.com to explore their menu and enjoy a satisfying meal.
rest_138,Yume Japanese Cuisine,yumelodi.com,"Yume Japanese Cuisine offers fresh, flavorful Japanese dishes in a welcoming setting. Visit yumelodi.com to explore the menu and enjoy an authentic dining experience."
rest_139,La Cosina Mexicana,lacosinamexicanarestaurant.com,"La Cosina Mexicana offers authentic Mexican flavors in a warm, inviting setting. Visit lacosinamexicanarestaurant.com to explore their menu and enjoy a taste of Mexico."
rest_140,Iacono's Pizza & Restaurant,iaconos.com,"Iacono's Pizza & Restaurant offers classic, crowd-pleasing pizzas and comforting Italian favorites. Visit iaconos.com to explore their menu and enjoy a relaxed dining experience."
rest_141,Roma Pizza,romablacksburg.com,"Roma Pizza offers fresh, flavorful pizzas and classic favorites in a welcoming setting. Visit romablacksburg.com to explore the menu and order your next meal."
rest_142,Sazon Latino & Catering,sazonlatinorestaurante.com,Sazon Latino & Catering offers flavorful Latin-inspired dishes and professional catering services. Visit sazonlatinorestaurante.com to explore their menu and enjoy a taste of authentic Latin cuisine.
rest_143,Sal's Italian Ristorante and Pizzeria,salspizzaexton.com,"Sal's Italian Ristorante and Pizzeria offers classic Italian dishes and fresh, flavorful pizzas. Visit salspizzaexton.com to explore the menu and enjoy a satisfying meal in a welcoming setting."
rest_144,Los Portales,mvlosportales.com,Los Portales offers a welcoming dining experience with flavorful dishes and friendly service. Visit mvlosportales.com to learn more or plan your next meal.
rest_145,Tiki Taco,itstikitimeyall.com,"Tiki Taco serves fresh, flavorful tacos in a fun, laid-back setting. Visit itstikitimeyall.com to explore the menu and enjoy a taste of island-inspired comfort food."
rest_146,Rakuten Ramen,rakutenramen.com,"Rakuten Ramen serves comforting bowls of ramen in a warm, casual setting. Visit rakutenramen.com to explore their menu and enjoy a satisfying noodle experience."
rest_147,Tere's Mexican Grill,teresmexicangrill.com,Tere's Mexican Grill offers flavorful Mexican dishes in a welcoming setting. Visit teresmexicangrill.com to explore their menu and enjoy a satisfying dining experience.
rest_148,SoupFarm,soupfarmtogo.com,"SoupFarm offers comforting soups and simple meals made for easy takeout. Visit soupfarmtogo.com to explore fresh, hearty options crafted for everyday enjoyment."
rest_149,Oco Time,ocotime.com,"Oco Time offers a welcoming dining experience with fresh, flavorful dishes. Visit ocotime.com to explore the menu and enjoy a satisfying meal in a relaxed atmosphere."
rest_150,Hector's Mariscos,hectorsmariscos.com,Hector's Mariscos offers fresh seafood dishes in a welcoming setting. Visit hectorsmariscos.com to explore their menu and enjoy a flavorful dining experience.
